?雯?,靘??Ⅳ,璅?,憿?,??,?交?,????,??瑼?,?酒lug撱箄降,?臬靽?,撠??圈?????AI??,?酉
https://www.cheetahstem.com/autopage/1/all/1,1,敹萄艙銝? 敹?餈湧嚚?雿??舀???銝剔?憟喳酋韐?EGMO???靽憭改?,摮貊?????,?菔措?,2025-06-29,撣貉祭慦?摮詨???詨飛蝡嗉魚??摮豢???銵函蝒嚗?飛?亦奎鞈賣?梯?摮貊?????511434055_24318479671077662_1594935942281739885_n _1_.jpg,2025-egmo-silver-ntu,靽?,students.html,敺???撱箄降璅惜: EGMO; ??蝡嗉魚; ?啣之
https://www.cheetahstem.com/autopage/1/all/1,1,?菔措?? ?詨飛?梢?嚚??奎鞈??怎??,摮貊?????,?菔措?,2024-08-19,?憟喟?摮詨??典??摮貊奎鞈賜?鈭桃銵函嚗雿??隞?”獢????詨飛撠?憒?jpg,2024-math-heroines-international-competition,靽?,students.html,敺???撱箄降璅惜: 憟喳??詨飛; ??蝡嗉魚
https://www.cheetahstem.com/autopage/1/all/1,1,?菔措摮詨? 頞??APX ? 憭扳遛鞎?摮貊?????,?菔措?,2024-08-16,?膩摮貊???APX 擃葉?貊??賢?瑼Ｗ?頞??銝血左??????APX.jpg,2024-apx-grand-slam,靽?,students.html,敺???撱箄降璅惜: APX; 瑼Ｗ?; 頞??
https://www.cheetahstem.com/autopage/1/all/1,1,?菔措?頞??菔措! ??????誑蝵桐縑????,摮貊?????,?菔措?,2024-07-29,撘瑁矽 IJSO 蝑??奎鞈賣????拙?甇詨蝡嗉魚?瑕撠???IJSO.jpg,2024-cheetah-breaks-records-ijso,靽?,students.html,敺???撱箄降璅惜: IJSO; ??; ??
https://www.cheetahstem.com/autopage/1/all/1,1,2024?菔措摮詨???蝘飛?凋犖?詨??菟?撜堆??喳?23鈭綽?!!!,璁??,?菔措?,2024-07-29,蝘飛?剝????株???鈭箸蝯梯?嚗??芸??砍璁???2024蝘飛??jpg,2024-science-class-admissions-23,靽?,students.html,敺???撱箄降璅惜: 蝘飛?? ??璁
https://www.cheetahstem.com/autopage/1/all/1,1,?芰??酋摮?銝甇??菔措 嚗停?舫???菔措?港?撅斗?嚗?摮貊?????,?菔措?,2024-07-29,隞交噫瘣?AMC ???箸敹??舀飛?亦奎鞈質???靽∩遙獢???瞉單散AMC.jpg,2024-australian-amc-elite-students,靽?,students.html,敺???撱箄降璅惜: 瞉單散AMC; 撠飛蝡嗉魚
https://www.cheetahstem.com/autopage/1/all/1,1,?菔措?箸? 敶?,摮貊?????,?菔措?,2024-07-29,?膩摮貊???APMO ?魚蝚砌??挾???”?橘??拙?蝡嗉魚??????雿?.jpg,2024-apmo-strong-result,靽?,students.html,敺???撱箄降璅惜: APMO; 鞈蝡嗉魚
https://www.cheetahstem.com/autopage/1/all/1,1,2023?典?擃葉蝘飛?剖?閰虫??????菔措摮詨??其??拙?,璁??,?菔措?,2024-07-29,?瑚誨銵冽抒?蝘飛?凋??????璁??勗?銝脰??蝘飛??.jpg,2023-science-class-direct-admission,靽?,students.html,敺???撱箄降璅惜: 蝘飛?? ?岫靽?https://www.cheetahstem.com/autopage/1/all/1,1,?菔措?剔頂?喳?15雿蝘飛?剝?璁?璁??,?菔措?,2024-07-29,蝘飛?剝????蜇?渡?嚗?雿撟游漲璁?敹摰嫣?銝??蝘飛??.jpg,2024-science-class-honor-roll-15,靽?,students.html,敺???撱箄降璅惜: 蝘飛?? 璁
https://www.cheetahstem.com/autopage/1/all/1,1,擃葉蝘飛?剖摮貉?FA00?詨飛蝟餃?銋?擳??鈭?,摮貊?????,?菔措?,2024-07-29,隞亥迂摨剛??飛蝘飛?剛岫???蜀?箔蜓嚗?犖獢???閮勗滬隤?jpg,2024-fa00-science-class-case-2,靽?,students.html,敺???撱箄降璅惜: FA00; 蝘飛?? ??
https://www.cheetahstem.com/autopage/1/all/1,1,?菔措?詨飛 ?批??澆 隤脣?蝡嗉魚 ?其?敿脤,摮貊?????,?菔措?,2024-07-29,?舀飛瑼摮貊??賢?蝡嗉魚??批????渡?撠????貊?摮貊??賢?蝡嗉魚.jpg,2024-math-competition-dominance,靽?,students.html,敺???撱箄降璅惜: 摮貊??賢?蝡嗉魚; ??鞈?https://www.cheetahstem.com/autopage/1/all/1,1,2023 AMC ?臭犖銋?,摮貊?????,?菔措?,2024-07-29,AMC 蝟餃????蜀嚗遣霅啣??箇?蝡嗉魚??撣賊???AMC.jpg,2023-amc-top-of-chinese-community,靽?,students.html,敺???撱箄降璅惜: AMC8; AMC10; AMC12
https://www.cheetahstem.com/autopage/1/all/2,2,擃?蝢?摮豢嚗AS)?隤?SAT1600嚗遛??,摮貊?????,?菔措?,2024-07-29,??擃頂摮貊??? SAT 皛踹???靘??拙????飛????KAS.jpg,2024-kas-sat-1600,靽?,students.html,敺???撱箄降璅惜: SAT; ???飛
https://www.cheetahstem.com/autopage/1/all/2,2,?舐汗??ㄡ ??摮詨? ?豢??菔措,摮貊?????,?菔措?,2024-07-29,???摮貊??豢??菔措????摮豢????臭???靽∩遙獢????喟隤?jpg,2024-top-students-choose-cheetah,靽?,students.html,敺???撱箄降璅惜: ?揖; Caltech; ???飛
https://www.cheetahstem.com/autopage/1/all/2,2,憭批振?潔葉?菔措敺ool ,?嗅祕 敺?菔措?酋摮COOL嚗?摮貊?????,?菔措?,2024-07-28,???批捆頝典漲憭改??拙?敺?????蝮質汗??憭?獢?銝脰??COOL.jpg,2024-cool-students-at-cheetah,靽?,students.html,敺???撱箄降??; ?怠???????https://www.cheetahstem.com/autopage/1/all/2,2,2024撟渡洵13撅?瘣脣戊摮摮豢摮詨尼?鈭奎鞈踝?EGMO) ?啁憟喳酋銝???銝??摮貊?????,?菔措?,2024-07-28,?喟噶摰?摮貊 EGMO ??嚗惇擃????蝡嗉魚?????喟噶摰?jpg,2024-egmo-taiwan-gold-silver-bronze,靽?,students.html,敺???撱箄降璅惜: EGMO; ??
https://www.cheetahstem.com/autopage/1/all/2,2,?嗅飛?⊥挾???????湛?甇??菔措摮詨?撅撖血?????,摮貊?????,?菔措?,2024-07-24,隞交?折???漲?岫銵函?箔蜓?犖??嚗?飛??敺?????憪踹?.jpg,2024-school-exam-devil-problems,靽?,students.html,敺???撱箄降璅惜: 畾菔? 敹?
https://www.cheetahstem.com/autopage/1/all/2,2,憭拚??砍嚚鞊孵戊摮拚????S?,摮貊?????,?菔措?,2024-07-05,蝢? CS ???獢?嚗????摮貉?憟喟??貊?????雓?銝?jpg,2024-girl-admitted-top-us-cs,靽?,students.html,敺???撱箄降璅惜: UIUC; Toronto; Purdue
https://www.cheetahstem.com/autopage/1/all/2,2,?菔措摮詨??喳葉蝬豢旨??2024 鈭散?拙尼嚗PHO)??,摮貊?????,?菔措?,2024-06-29,鈭散?拙尼??撅祇?蝝奎鞈賣???撱箄降擐???蝎暸銋??具??.jpg,2024-apho-gold,靽?,students.html,敺???撱箄降璅惜: APHO; ??
https://www.cheetahstem.com/autopage/1/all/2,2,2023 AMC ?臭犖銋?,摮貊?????,?菔措?,2023-12-06,AMC 皛踹????????蝡???2024 ?”銝剖?憿摰寥?瘥??臬????406773030_7299742030044692_4381428510825599821_n.jpg,2023-amc-top-of-chinese-community-v2,靽?,students.html,敺????瘥???2024-07-29 ?撌桃
https://www.cheetahstem.com/autopage/1/all/2,2,?菔措摮詨? ????蝜澆?啣銝AMC8皛踹?, ??瑕嚗?,摮貊?????,?菔措?,2023-09-10,TRML ?犖鞈賣遛??靘??拙? AMC 蝡嗉魚撱嗡撓????230910.jpg,2023-lin-bing-kun-trml-perfect-score,靽?,students.html,敺???撱箄降璅惜: TRML; AMC8
https://www.cheetahstem.com/autopage/1/all/2,2,嚚?撟游飛??銝酗 鈭鋆收?芾??伐?,摮貊?????,?菔措?,2023-09-01,??憿批???∪???嚗?西身?∪???摮?憿?334273426_218787137225355_2167633416682625008_n.jpg,2023-distinguished-alumni,靽?,students.html,敺???撱箄降璅惜: ?∪?; ?瑟???
https://www.cheetahstem.com/autopage/1/all/2,2,?菔措?剔頂?喳?13雿2023蝘飛?剝?璁?璁??,?菔措?,2023-08-31,蝘飛?剖僑摨行??殷?????璆?璁??摮豢????蝘飛?剝?璁?jpg,2023-science-class-honor-roll-13,靽?,students.html,敺???撱箄降璅惜: 蝘飛?? 2023璁
https://www.cheetahstem.com/autopage/1/all/2,2,?剔??凝蝛?敹?,摮貊?????,?菔措?,2023-08-30,撅祆摮貊?敹??玨蝔????舀飛?亙飛??鈭?憿?350097637_182548168101929_8592521628448688769_n.jpg,2023-calculus-testimonial-zheng,靽?,students.html,敺???撱箄降璅惜: 敺桃??? 敹?
https://www.cheetahstem.com/autopage/1/all/3,3,?菔措摮詨? ?喟噶摰??? 銝凋?銝剔?摮貊 摮貊?敹??澈,摮貊?????,?菔措?,2023-08-29,銝凋?銝剔?摮貊???玨蝔風蝔?鈭恬??拙???獢?摮?憿??喟噶摰?jpg,2023-chen-yi-an-science-class-testimonial,靽?,students.html,敺???撱箄降璅惜: 銝凋?銝剔?摮貊; 敹?
https://www.cheetahstem.com/autopage/1/all/3,3,?菔措摮詨? 靽蔗?有,摮貊?????,?菔措?,2023-08-11,Stanford ??獢?嚗????摮貉??梢???230811.jpg,2023-elite-student-stanford,靽?,students.html,敺???撱箄降璅惜: Stanford; ???飛
https://www.cheetahstem.com/autopage/1/all/3,3,嚚?孕敹葦??IEEE ECICE 2021 撟游漲?雿唾???,??????,?菔措?,2023-07-18,???湔餈葦鞈???敺??航蝘餃??菔措?葦鞈?撠勗????20230718?菔措?_?舐孕敹sd.png,2023-teacher-ieee-best-paper,靽?,about.html,敺???撱箄降?孵?憿撣怨???
https://www.cheetahstem.com/autopage/1/all/3,3,?菔措鈭僑??AMC8皛踹?,摮貊?????,?菔措?,2023-07-10,AMC8 皛踹????琿?摨虫誨銵冽改????亦奎鞈賣??蜓瑼?20230710?菔措AMC8??皛踹?_蝜?.png,2023-amc8-four-perfect-scores,靽?,students.html,敺???撱箄降璅惜: AMC8; 皛踹?
https://www.cheetahstem.com/autopage/1/all/3,3,?菔措摮詨? ???飛?曉???嚚P?岫?瑕?餃,摮貊?????,?菔措?,2023-07-07,AP 皛踹?????摮豢????拙????飛?飛銵炎摰?憿?摮詨?1.jpg,2023-ap-success-stories,靽?,students.html,敺???撱箄降璅惜: AP; ???飛
https://www.cheetahstem.com/autopage/1/all/3,3,銝???剔??梯??萄??霈???飛蝧?摨?摮貊?????,?菔措?,2023-07-02,敺?靘?典飛??鈭?摰園靽∩遙獢?銝准??湔_銵冽?1.jpg,2023-grade6-growth-story,靽?,students.html,敺???撱箄降璅惜: 摮貊??漲; ???
https://www.cheetahstem.com/autopage/1/all/3,3,AI?極?瑟?餉 AI??隢遣蝡?詨飛銝?摮貊?????,?菔措?,2023-06-23,?批捆??GGB ??AI ?賢??寥?嚗漲?臭葡?啗玨蝔???靘??具?353031447_712194404040532_2902695769571656937_n.jpg,2023-ai-tools-built-on-math,靽?,students.html,敺???撱箄降璅惜: GGB; AI
https://www.cheetahstem.com/autopage/1/all/3,3,蝑??飛 ?菔措摮貊?敹??澈,摮貊?????,?菔措?,2023-06-23,摮貊?敹?憿?蝡??拙?撱箇?摮貊????”??蝐日???355850854_6698941740124727_1122563753816293026_n.jpg,2023-junjie-testimonial,靽?,students.html,敺???撱箄降璅惜: 敹?; 蝘葉
https://www.cheetahstem.com/autopage/1/all/3,3,???飛蝧?∪???單???摮貊?????,?菔措?,2023-06-17,撘瑁矽?芯蜓?Ｙ揣?飛蝧誨摨佗??拙?摮貊???????敹萄辣隡詻?354644168_6676461089039459_3021000934522262457_n.jpg,2023-learning-bears-fruit,靽?,students.html,敺???撱箄降璅惜: ?芯蜓摮貊?; ?
https://www.cheetahstem.com/autopage/1/all/3,3,?雁??頨?鞎??GGB敺??葉?詨飛????,摮貊?????,?菔措?,2023-06-15,撠飛????GGB ?楊蝝??唳?靘??臬????典 GGB 隤脩???354223528_6669013246450910_5913927953355049102_n.jpg,2023-bebe-ggb-junior-high-challenge,靽?,students.html,敺???撱箄降璅惜: GGB; 頝函?摮貊?
https://www.cheetahstem.com/autopage/1/all/3,3,AI銝誨??賢?????摮貊?????,?菔措?,2023-06-08,撘瑁矽摮貊??漲???閮????鈭血撘?唬???霅鞊嫘?352779492_271643305337286_2157827412081704764_n.jpg,2023-key-skills-for-ai-era,靽?,students.html,敺???撱箄降璅惜: AI; 摮貊??賢?
https://www.cheetahstem.com/autopage/1/all/3,3,?詨飛??撘???GGB1??嚗?摮拙??AI?誨??摰?摮貊?????,?菔措?,2023-05-31,撅?GGB 隤脩????飛????蝷綽??臬?甇交?渲玨蝔???????鞎?雿?.jpg,2023-ggb1-math-coding-ai-winner,靽?,students.html,敺???撱箄降璅惜: GGB1; 蝔?; 雿?

